[{"pos_x": 119.5451, "pos_y": -146.1226, "rotation": 0.0, "side": "top", "designator": "U$1", "mpn": null, "pack": "C64_CARTRIDGE_BOARDEDGE", "value": "C64CARTRIDGE_BOARD_CONNECTOR", "mount_type": "tht", "place": true}, {"pos_x": 141.3575, "pos_y": -97.2, "rotation": 90.0, "side": "top", "designator": "J16A1", "mpn": null, "pack": "SolderJumper-3_P1.3mm_Open_RoundedPad1.0x1.5mm", "value": "SolderJumper_3_Open", "mount_type": "tht", "place": true}, {"pos_x": 148.5011, "pos_y": -104.0036, "rotation": 0.0, "side": "top", "designator": "@HOLE0", "mpn": null, "pack": "", "value": "", "mount_type": "tht", "place": true}, {"pos_x": 156.58, "pos_y": -80.24, "rotation": 0.0, "side": "top", "designator": "IC1", "mpn": null, "pack": "DIP-42_W15.24mm_LongPads", "value": "27C160", "mount_type": "tht", "place": true}, {"pos_x": 147.59, "pos_y": -130.63, "rotation": 0.0, "side": "top", "designator": "JCOMP3", "mpn": null, "pack": "SolderJumper-3_P1.3mm_Open_RoundedPad1.0x1.5mm", "value": "SolderJumper_3_Open", "mount_type": "tht", "place": true}, {"pos_x": 141.3375, "pos_y": -90.54, "rotation": 90.0, "side": "top", "designator": "JCOMP1", "mpn": null, "pack": "SolderJumper-3_P1.3mm_Open_RoundedPad1.0x1.5mm", "value": "SolderJumper_3_Open", "mount_type": "tht", "place": true}, {"pos_x": 165.807, "pos_y": -64.173, "rotation": -90.0, "side": "top", "designator": "SW1", "mpn": null, "pack": "SW_PUSH_6mm", "value": "Reset", "mount_type": "tht", "place": true}, {"pos_x": 147.01, "pos_y": -93.88, "rotation": 180.0, "side": "top", "designator": "D1", "mpn": null, "pack": "D_1206_3216Metric", "value": "1N4148", "mount_type": "smt", "place": true}, {"pos_x": 129.055, "pos_y": -119.835, "rotation": 0.0, "side": "top", "designator": "C4", "mpn": null, "pack": "C_0805_2012Metric", "value": "100n", "mount_type": "smt", "place": true}, {"pos_x": 145.738, "pos_y": -83.036, "rotation": 0.0, "side": "top", "designator": "J16C8", "mpn": null, "pack": "SolderJumper-3_P1.3mm_Open_RoundedPad1.0x1.5mm", "value": "SolderJumper_3_Open", "mount_type": "tht", "place": true}, {"pos_x": 132.67, "pos_y": -113.64, "rotation": 90.0, "side": "top", "designator": "JCOMP2", "mpn": null, "pack": "SolderJumper-3_P1.3mm_Open_RoundedPad1.0x1.5mm", "value": "SolderJumper_3_Open", "mount_type": "tht", "place": true}, {"pos_x": 148.5011, "pos_y": -104.0036, "rotation": 0.0, "side": "top", "designator": "", "mpn": null, "pack": "", "value": "", "mount_type": "tht", "place": true}, {"pos_x": 175.8725, "pos_y": -81.09, "rotation": 90.0, "side": "top", "designator": "JC64", "mpn": null, "pack": "SolderJumper-3_P1.3mm_Open_RoundedPad1.0x1.5mm", "value": "SolderJumper_3_Open", "mount_type": "tht", "place": true}, {"pos_x": 175.8725, "pos_y": -90.725, "rotation": 90.0, "side": "top", "designator": "J16C2", "mpn": null, "pack": "SolderJumper-3_P1.3mm_Open_RoundedPad1.0x1.5mm", "value": "SolderJumper_3_Open", "mount_type": "tht", "place": true}, {"pos_x": 175.8725, "pos_y": -110.097, "rotation": 90.0, "side": "top", "designator": "J16C6", "mpn": null, "pack": "SolderJumper-3_P1.3mm_Open_RoundedPad1.0x1.5mm", "value": "SolderJumper_3_Open", "mount_type": "tht", "place": true}, {"pos_x": 175.19, "pos_y": -128.25, "rotation": -90.0, "side": "top", "designator": "C1", "mpn": null, "pack": "C_0805_2012Metric", "value": "100n", "mount_type": "smt", "place": true}, {"pos_x": 137.52, "pos_y": -130.34, "rotation": -90.0, "side": "top", "designator": "J16B1", "mpn": null, "pack": "SolderJumper-2_P1.3mm_Open_RoundedPad1.0x1.5mm", "value": "SJ", "mount_type": "tht", "place": true}, {"pos_x": 129.56374, "pos_y": -72.11717, "rotation": 0.0, "side": "top", "designator": "GCRY", "mpn": null, "pack": "crystal5", "value": "CRYSTAL LOGO", "mount_type": "tht", "place": false}, {"pos_x": 124.4, "pos_y": -92.18, "rotation": 0.0, "side": "top", "designator": "IC3", "mpn": null, "pack": "SO-14_3.9x8.65mm_P1.27mm", "value": "74LS02", "mount_type": "smt", "place": true}, {"pos_x": 170.403, "pos_y": -64.553, "rotation": 0.0, "side": "top", "designator": "SWCOMP1", "mpn": null, "pack": "SW_PUSH_POP-Switch_7x7mm", "value": "SW_Push_Pop_DPDT", "mount_type": "tht", "place": true}, {"pos_x": 127.125, "pos_y": -128.125, "rotation": 0.0, "side": "top", "designator": "IC4", "mpn": null, "pack": "SO-16_3.9x9.9mm_P1.27mm", "value": "74LS139", "mount_type": "smt", "place": true}, {"pos_x": 130.35114, "pos_y": -73.33129, "rotation": 0.0, "side": "top", "designator": "@eye2", "mpn": null, "pack": "", "value": "", "mount_type": "tht", "place": true}, {"pos_x": 151.86, "pos_y": -108.9, "rotation": 180.0, "side": "top", "designator": "C2", "mpn": null, "pack": "C_0805_2012Metric", "value": "100n", "mount_type": "smt", "place": true}, {"pos_x": 124.375, "pos_y": -111.44, "rotation": 0.0, "side": "top", "designator": "IC5", "mpn": null, "pack": "SO-14_3.9x8.65mm_P1.27mm", "value": "74LS00", "mount_type": "smt", "place": true}, {"pos_x": 175.8725, "pos_y": -85.92, "rotation": 90.0, "side": "top", "designator": "J16C1", "mpn": null, "pack": "SolderJumper-3_P1.3mm_Open_RoundedPad1.0x1.5mm", "value": "SolderJumper_3_Open", "mount_type": "tht", "place": true}, {"pos_x": 128.175, "pos_y": -85.71, "rotation": 180.0, "side": "top", "designator": "C3", "mpn": null, "pack": "C_0805_2012Metric", "value": "100n", "mount_type": "smt", "place": true}, {"pos_x": 124.59, "pos_y": -104.27, "rotation": 0.0, "side": "top", "designator": "C5", "mpn": null, "pack": "C_0805_2012Metric", "value": "100n", "mount_type": "smt", "place": true}, {"pos_x": 150.86, "pos_y": -83.036, "rotation": 0.0, "side": "top", "designator": "J16C7", "mpn": null, "pack": "SolderJumper-3_P1.3mm_Open_RoundedPad1.0x1.5mm", "value": "SolderJumper_3_Open", "mount_type": "tht", "place": true}, {"pos_x": 175.8725, "pos_y": -100.34, "rotation": 90.0, "side": "top", "designator": "J16C4", "mpn": null, "pack": "SolderJumper-3_P1.3mm_Open_RoundedPad1.0x1.5mm", "value": "SolderJumper_3_Open", "mount_type": "tht", "place": true}, {"pos_x": 147.01, "pos_y": -90.46, "rotation": 180.0, "side": "top", "designator": "D2", "mpn": null, "pack": "D_1206_3216Metric", "value": "1N4148", "mount_type": "smt", "place": true}, {"pos_x": 147.07, "pos_y": -86.92, "rotation": 180.0, "side": "top", "designator": "R3", "mpn": null, "pack": "R_1206_3216Metric", "value": "10k", "mount_type": "smt", "place": true}, {"pos_x": 175.609, "pos_y": -74.093, "rotation": -90.0, "side": "top", "designator": "JP1", "mpn": null, "pack": "PinHeader_1x02_P2.54mm_Vertical", "value": "Jumper_2_Open", "mount_type": "tht", "place": true}, {"pos_x": 175.8725, "pos_y": -95.535, "rotation": 90.0, "side": "top", "designator": "J16C3", "mpn": null, "pack": "SolderJumper-3_P1.3mm_Open_RoundedPad1.0x1.5mm", "value": "SolderJumper_3_Open", "mount_type": "tht", "place": true}, {"pos_x": 175.8725, "pos_y": -105.175, "rotation": 90.0, "side": "top", "designator": "J16C5", "mpn": null, "pack": "SolderJumper-3_P1.3mm_Open_RoundedPad1.0x1.5mm", "value": "SolderJumper_3_Open", "mount_type": "tht", "place": true}, {"pos_x": 135.05, "pos_y": -89.31, "rotation": 90.0, "side": "top", "designator": "R2", "mpn": null, "pack": "R_1206_3216Metric", "value": "10k", "mount_type": "smt", "place": true}, {"pos_x": 127.37934, "pos_y": -73.31097, "rotation": 0.0, "side": "top", "designator": "@eye1", "mpn": null, "pack": "", "value": "", "mount_type": "tht", "place": true}, {"pos_x": 146.05, "pos_y": -118.08, "rotation": 0.0, "side": "top", "designator": "IC2", "mpn": null, "pack": "SOP-20_7.5x12.8mm_P1.27mm", "value": "74LS273", "mount_type": "smt", "place": true}, {"pos_x": 132.67, "pos_y": -105.025, "rotation": 90.0, "side": "top", "designator": "JPUnlocked1", "mpn": null, "pack": "SolderJumper-3_P1.3mm_Open_RoundedPad1.0x1.5mm", "value": "SolderJumper_3_Open", "mount_type": "tht", "place": true}, {"pos_x": 130.35104, "pos_y": -73.31097, "rotation": -90.0, "side": "bottom", "designator": "DE1", "mpn": null, "pack": "LED_1206_3216Metric", "value": "LED", "mount_type": "smt", "place": true}, {"pos_x": 127.37944, "pos_y": -73.31097, "rotation": -90.0, "side": "bottom", "designator": "DE2", "mpn": null, "pack": "LED_1206_3216Metric", "value": "LED", "mount_type": "smt", "place": true}, {"pos_x": 148.425, "pos_y": -65.235, "rotation": 180.0, "side": "bottom", "designator": "REF**", "mpn": null, "pack": "KiCad-Logo2_5mm_SilkScreen", "value": "KiCad-Logo2_5mm_SilkScreen", "mount_type": "tht", "place": false}, {"pos_x": 148.555, "pos_y": -72.875, "rotation": 180.0, "side": "bottom", "designator": "REF**", "mpn": null, "pack": "OSHW-Logo_7.5x8mm_SilkScreen", "value": "OSHW-Logo_7.5x8mm_SilkScreen", "mount_type": "tht", "place": false}, {"pos_x": 128.89, "pos_y": -78.495, "rotation": 0.0, "side": "bottom", "designator": "R1", "mpn": null, "pack": "R_1206_3216Metric", "value": "R", "mount_type": "smt", "place": true}]